{
  "timestamp": 1778026327.988928,
  "quality_signal": 0.5194591550342765,
  "coupling_score": 0.41732283464566927,
  "cycle_count": 1,
  "god_file_count": 0,
  "hotspot_count": 0,
  "complex_fn_count": 9,
  "max_depth": 7,
  "total_import_edges": 127,
  "cross_module_edges": 55
}